9.187947397120296955e+00,1.601508104374911756e+00,1.598929575848731410e+00,4.535447214000458693e+00,5.343636745452884185e+01,0.000000000000000000e+00,4.048504005432128849e+01,3.126181854099060686e+00
9.287947398610413074e+00,3.772114162463559572e-01,3.661397461643045026e-01,-6.225794473109329097e+00,5.343159908294681060e+01,0.000000000000000000e+00,4.047827659606933537e+01,3.132039088144850325e+00
9.387947400100529194e+00,4.670320542374437056e-01,-3.199314138651382367e-01,-4.139568981691252425e+00,5.342261260986331450e+01,0.000000000000000000e+00,4.045583663940429631e+01,3.141469384673868159e+00
9.487947401590645313e+00,8.022868990900915431e-01,-6.964272389104246841e-01,3.188176367552840063e+00,5.339424652099612700e+01,0.000000000000000000e+00,4.038936935424804631e+01,3.138907049042599873e+00
9.587947403080761433e+00,1.024383284191726418e+00,-9.138148039784071974e-01,3.481625455270258573e+00,5.334126705169681060e+01,0.000000000000000000e+00,4.029837165832519474e+01,3.139015862073030405e+00
9.687947404570877552e+00,1.235709984062033584e+00,-1.178438675687371040e+00,2.020960953959821449e+00,5.325905269622806060e+01,0.000000000000000000e+00,4.018436370849609318e+01,3.139726892561255589e+00
9.787947406060993671e+00,1.425774035897585001e+00,-1.410111947181653669e+00,2.018421064299996903e+00,5.315642208099368560e+01,0.000000000000000000e+00,4.005029045104980412e+01,3.139828275932474710e+00
9.887947407551109791e+00,1.603757710654004409e+00,-1.602190100603286593e+00,2.216067195423411906e+00,5.303149074554446685e+01,0.000000000000000000e+00,3.989787994384765568e+01,3.139862280134686046e+00
9.987947409041225910e+00,1.772863644132676830e+00,-1.772818784344200482e+00,1.820819809606244677e+00,5.288628047943118560e+01,0.000000000000000000e+00,3.972815071105956974e+01,3.139922963619033780e+00
1.008794741053134203e+01,1.934552555704085464e+00,-1.933997318310510138e+00,1.563303392157414207e+00,5.272455257415774810e+01,0.000000000000000000e+00,3.954192672729492131e+01,3.140050494066831455e+00
1.018794741202145815e+01,2.089577864254928752e+00,-2.089046516463935799e+00,1.435324480050893303e+00,5.254797023773196685e+01,0.000000000000000000e+00,3.933989845275878849e+01,3.140239243310873452e+00
1.028794741351157427e+01,2.238387650007708896e+00,-2.238159627417528164e+00,1.356719109123699196e+00,5.235742229461673247e+01,0.000000000000000000e+00,3.912272010803222599e+01,3.140354678744824213e+00
1.038794741500169039e+01,2.381296166587599128e+00,-2.381254084124593273e+00,1.297890589682261897e+00,5.215357727050784575e+01,0.000000000000000000e+00,3.889098869323730412e+01,3.140505389004001557e+00
1.048794741649180651e+01,2.518561264242522579e+00,-2.518559759735648385e+00,1.246420466392545112e+00,5.193700450897220122e+01,0.000000000000000000e+00,3.864526496887206974e+01,3.140526075484959101e+00
1.058794741798192263e+01,2.650410493789280508e+00,-2.650402727450015039e+00,1.198111606052620237e+00,5.170822948455813872e+01,0.000000000000000000e+00,3.838612113952636662e+01,3.140814013417109862e+00
1.068794741947203875e+01,2.777056580206327396e+00,-2.777046054905549788e+00,1.151916615427021728e+00,5.146772712707522857e+01,0.000000000000000000e+00,3.811407981872558537e+01,3.140777980274020109e+00
1.078794742096215487e+01,2.898701702167892247e+00,-2.898695815966671141e+00,1.107566611572739168e+00,5.121595329284671294e+01,0.000000000000000000e+00,3.782964454650878849e+01,3.140885913163777854e+00
1.088794742245227098e+01,3.015536953484419858e+00,-3.015535182436564821e+00,1.064862452282113958e+00,5.095334571838382232e+01,0.000000000000000000e+00,3.753332267761230412e+01,3.141006497430907096e+00
1.098794742394238710e+01,3.026485103433842028e+00,-3.026484578652431701e+00,1.023684319286894295e+00,5.068031639099124419e+01,0.000000000000000000e+00,3.723052536010742131e+01,3.141025901948547361e+00
1.108794742543250322e+01,3.021370458301771311e+00,-3.021370230386145384e+00,9.840396381516001156e-01,5.039727348327640044e+01,0.000000000000000000e+00,3.692819915771484318e+01,3.141285662925256794e+00
1.118794742692261934e+01,3.016260691600140653e+00,-3.016260480303963654e+00,9.458935917377749858e-01,5.010459178924563872e+01,0.000000000000000000e+00,3.662637458801269474e+01,3.141436048746819143e+00
1.128794742841273546e+01,3.011161921719979873e+00,-3.011161751375844631e+00,9.092213060366778343e-01,4.980265373229983794e+01,0.000000000000000000e+00,3.632504402160644474e+01,3.141394381393225910e+00
1.138794742990285158e+01,3.006074905509751094e+00,-3.006074859499676233e+00,8.739712553760918823e-01,4.949181312561038482e+01,0.000000000000000000e+00,3.602420745849609318e+01,3.141684313274446083e+00
1.148794743139296770e+01,3.242832783484189907e+00,-3.242832762842151162e+00,8.401003835791532870e-01,4.917243904113772857e+01,0.000000000000000000e+00,3.571290336608886662e+01,3.141697668283005118e+00
1.158794743288308382e+01,3.476301463866436237e+00,-3.476301351785101357e+00,5.855821804209726533e-01,4.884525627136233794e+01,0.000000000000000000e+00,3.537513481140136662e+01,3.141845527953261996e+00
1.168794743437319994e+01,3.659477620558252209e+00,-3.659477522929601712e+00,-4.421246452016398820e-02,4.851662773132327544e+01,0.000000000000000000e+00,3.501710449218749943e+01,3.141818810179821675e+00
1.178794743586331606e+01,3.815636273764279274e+00,-3.815636125365999831e+00,-4.443160748943305455e-02,4.818846839904788482e+01,0.000000000000000000e+00,3.464240776062011662e+01,3.141868183540842629e+00
1.188794743735343218e+01,3.956834420197733238e+00,-3.956834134330421193e+00,-4.447879113980200694e-02,4.786070198059085357e+01,0.000000000000000000e+00,3.425299964904785099e+01,3.141971806086009344e+00
1.198794743884354830e+01,4.089193211993565669e+00,-4.089192310168672684e+00,-4.436407662563301296e-02,4.753330940246585357e+01,0.000000000000000000e+00,3.384999214172363224e+01,3.142256713679019597e+00
1.208794744033366442e+01,4.215814734823401189e+00,-4.215814003400003784e+00,3.776725309579929690e-01,4.720571559906009185e+01,0.000000000000000000e+00,3.343408332824706974e+01,3.142181710724829991e+00
1.218794744182378054e+01,4.338287467725044699e+00,-4.338286709013718934e+00,1.970801897905886779e+00,4.686290782928470122e+01,0.000000000000000000e+00,3.300575195312499943e+01,3.142184033670530674e+00
1.228794744331389666e+01,4.457439988279976006e+00,-4.457439377599386354e+00,1.438653111436284604e+00,4.650366157531741607e+01,0.000000000000000000e+00,3.256533943176269474e+01,3.142116053303094514e+00
1.238794744480401278e+01,4.573719283090357024e+00,-4.573718271487267728e+00,1.190729267151386050e+00,4.613172573089602935e+01,0.000000000000000000e+00,3.211318145751953068e+01,3.142257731968701506e+00
1.248794744629412889e+01,4.687380893354359479e+00,-4.687380162210975421e+00,1.066491936523926709e+00,4.574879116058352935e+01,0.000000000000000000e+00,3.164954124450683182e+01,3.142151185550305925e+00
1.258794744778424501e+01,4.798579288950018729e+00,-4.798578653746384148e+00,9.964036319462453717e-01,4.535567802429202544e+01,0.000000000000000000e+00,3.117466865539550369e+01,3.142107188834048159e+00
1.268794744927436113e+01,4.907418529873527113e+00,-4.907417492034565676e+00,9.509489035196782014e-01,4.495287078857425200e+01,0.000000000000000000e+00,3.068881546020507400e+01,3.142243010660784819e+00
1.278794745076447725e+01,5.014018515189655467e+00,-5.014015126081472040e+00,9.173965067372916726e-01,4.454071754455569732e+01,0.000000000000000000e+00,3.019219909667968338e+01,3.142097927947111735e+00
1.288794745225459337e+01,5.118353990014780308e+00,-5.118353456903053100e+00,8.900112140143682238e-01,4.411950057983401763e+01,0.000000000000000000e+00,2.968505416870116775e+01,3.142020114706153500e+00
1.298794745374470949e+01,5.220494012130996175e+00,-5.220493424516527092e+00,8.659119826205936565e-01,4.368950981140140044e+01,0.000000000000000000e+00,2.916757522583007400e+01,3.142059073624176246e+00
1.308794745523482561e+01,5.320502864174263102e+00,-5.320502312952736901e+00,8.436832734705971282e-01,4.325097030639651763e+01,0.000000000000000000e+00,2.864001594543456619e+01,3.142036558581446926e+00
1.318794745672494173e+01,5.418438093617486295e+00,-5.418437767541663064e+00,8.225337566670151146e-01,4.280410140991214263e+01,0.000000000000000000e+00,2.810256896972655838e+01,3.141934123199937368e+00
1.328794745821505785e+01,5.496349396625750394e+00,-5.496349132322649211e+00,8.020689772538341922e-01,4.234913200378421294e+01,0.000000000000000000e+00,2.755561386108398025e+01,3.141901508758426331e+00
1.338794745970517397e+01,5.489601174944778172e+00,-5.489600972916847788e+00,7.821750030819188959e-01,4.188625282287600982e+01,0.000000000000000000e+00,2.700619827270507400e+01,3.141863782366105529e+00
1.348794746119529009e+01,5.480221037990317789e+00,-5.480220562405838436e+00,7.627628483271592374e-01,4.141566986083987700e+01,0.000000000000000000e+00,2.645776306152342983e+01,3.142009258745746880e+00
1.358794746268540621e+01,5.470556826843950837e+00,-5.470556659405417577e+00,7.438467297649894450e-01,4.093755477905276763e+01,0.000000000000000000e+00,2.591028915405272670e+01,3.141840068889231397e+00
1.368794746417552233e+01,5.460863168573714788e+00,-5.460863094664395234e+00,7.254027861080936113e-01,4.045210212707522857e+01,0.000000000000000000e+00,2.536376892089842983e+01,3.141757177496293796e+00
1.378794746566563845e+01,5.451180715165550694e+00,-5.451180547020911149e+00,2.073576399129675452e-01,3.996142906188968169e+01,0.000000000000000000e+00,2.481821762084960170e+01,3.141841030311676164e+00
1.388794746715575457e+01,5.639688127215946700e+00,-5.639688104905266286e+00,-6.812067576672106717e-02,3.947117752075198638e+01,0.000000000000000000e+00,2.426195465087889858e+01,3.141681602268377116e+00
1.398794746864587069e+01,5.777612774238236604e+00,-5.777612773309572347e+00,-6.821078320248130655e-02,3.898158210754397857e+01,0.000000000000000000e+00,2.369008193969725795e+01,3.141574738702775704e+00
1.408794747013598680e+01,5.892157155507214306e+00,-5.892157117058320459e+00,-6.813889338652344418e-02,3.849260658264163482e+01,0.000000000000000000e+00,2.310587631225585170e+01,3.141478414085515425e+00
1.418794747162610292e+01,5.994897555387877830e+00,-5.994897551933609847e+00,-6.800714441373903463e-02,3.800426620483401763e+01,0.000000000000000000e+00,2.251095138549803920e+01,3.141626598892352629e+00
1.428794747311621904e+01,6.091452706850976284e+00,-6.091452704172469090e+00,9.770489024962298874e-01,3.751292175292972075e+01,0.000000000000000000e+00,2.190611206054686733e+01,3.141563000737345401e+00
1.438794747460633516e+01,6.184526537128678392e+00,-6.184526216327443926e+00,1.360683823790434399e+00,3.700693077087405669e+01,0.000000000000000000e+00,2.129183898925780483e+01,3.141550589433979468e+00
1.448794747609645128e+01,6.275421224564357914e+00,-6.275421176527559375e+00,1.060132098108933496e+00,3.648928588867190825e+01,0.000000000000000000e+00,2.066837249755858608e+01,3.141520744997583048e+00
1.458794747758656740e+01,6.364766668731477672e+00,-6.364766643101154919e+00,9.213354791824037715e-01,3.596205276489261138e+01,0.000000000000000000e+00,2.003590713500975795e+01,3.141510431282308780e+00
1.468794747907668352e+01,6.452873390379205709e+00,-6.452873363978331334e+00,8.524660849458362000e-01,3.542611640930179107e+01,0.000000000000000000e+00,1.939458404541014858e+01,3.141569722007204746e+00
1.478794748056679964e+01,6.539891832640012836e+00,-6.539891800915940578e+00,8.146857688897883865e-01,3.488191741943362700e+01,0.000000000000000000e+00,1.874449859619139858e+01,3.141536309035159569e+00
1.488794748205691576e+01,6.625903699281408876e+00,-6.625903665849573798e+00,7.911444916789018844e-01,3.432969993591311919e+01,0.000000000000000000e+00,1.808577667236327358e+01,3.141505169099872319e+00
1.498794748354703188e+01,6.710951427912439371e+00,-6.710951407128194823e+00,7.743214680426300234e-01,3.376964134216311919e+01,0.000000000000000000e+00,1.741849456787108608e+01,3.141515932823487844e+00
1.508794748503714800e+01,6.795064057225162379e+00,-6.795064030152344614e+00,7.607555398588692341e-01,3.320188468933108794e+01,0.000000000000000000e+00,1.674276672363280483e+01,3.141503464390851263e+00
1.518794748652726412e+01,6.878257338087731654e+00,-6.878257297226483047e+00,7.488059865172078666e-01,3.262658065795901763e+01,0.000000000000000000e+00,1.605868469238280483e+01,3.141484362732709812e+00
1.528794748801738024e+01,6.960545229772403530e+00,-6.960545227765487120e+00,7.376241272782161351e-01,3.204384178161624419e+01,0.000000000000000000e+00,1.536632095336913295e+01,3.141571897800374380e+00
1.538794748950749636e+01,7.041940322966386390e+00,-7.041940306175260567e+00,7.268620642844141333e-01,3.145378822326663837e+01,0.000000000000000000e+00,1.466578231811522670e+01,3.141524052430703762e+00
1.548794749099761248e+01,7.122451905477394263e+00,-7.122451897128350140e+00,7.163523206613031657e-01,3.085652488708499774e+01,0.000000000000000000e+00,1.395715652465819545e+01,3.141544334006419525e+00
1.558794749248772860e+01,7.202090396822192986e+00,-7.202090392655835949e+00,7.060002397072447922e-01,3.025216812133792743e+01,0.000000000000000000e+00,1.324053131103514858e+01,3.141558639550976917e+00
1.568794749397784472e+01,7.280867703165615268e+00,-7.280867699612318944e+00,6.958149856877399175e-01,2.964079803466800556e+01,0.000000000000000000e+00,1.251597915649413295e+01,3.141561460889229274e+00
1.578794749546796083e+01,7.358791977499937964e+00,-7.358791977343045687e+00,6.857870895720544757e-01,2.902251953125003681e+01,0.000000000000000000e+00,1.178359924316405483e+01,3.141586351741007199e+00
1.588794749695807695e+01,7.435874146235147641e+00,-7.435874146226205461e+00,6.759071643926897188e-01,2.839743560791019306e+01,0.000000000000000000e+00,1.104347549438475795e+01,3.141591812382500848e+00
1.598794749844819307e+01,7.512120885410801918e+00,-7.512120884643331387e+00,6.661794787673355200e-01,2.776565307617191181e+01,0.000000000000000000e+00,1.029569183349608608e+01,3.141606939088397610e+00
1.608794749993830919e+01,7.587542705767968521e+00,-7.587542698608239711e+00,6.565711419930303494e-01,2.712725967407230243e+01,0.000000000000000000e+00,9.540320739746086076e+00,3.141636095842667675e+00
1.618794750142842531e+01,7.662148657225017701e+00,-7.662148644924380747e+00,6.471537762756091050e-01,2.648235076904300556e+01,0.000000000000000000e+00,8.777457580566398576e+00,3.141649316614543608e+00
1.628794750291854143e+01,7.735946882549027848e+00,-7.735946847476774302e+00,6.378458677598867199e-01,2.583102554321292743e+01,0.000000000000000000e+00,8.007174835205070451e+00,3.141687875862936963e+00
1.638794750440865755e+01,7.808948281037294770e+00,-7.808948255990298293e+00,6.286957302361723121e-01,2.517337173461917743e+01,0.000000000000000000e+00,7.229564056396476701e+00,3.141672746702727892e+00
1.648794750589877367e+01,7.881160557229998531e+00,-7.881160487846917917e+00,6.196401116149965471e-01,2.450947708129886493e+01,0.000000000000000000e+00,6.444690093994132951e+00,3.141725346095118887e+00
1.658794750738888979e+01,7.952591266906362755e+00,-7.952591229337694578e+00,6.107193182924067765e-01,2.383943695068363056e+01,0.000000000000000000e+00,5.652636871337882951e+00,3.141689855169553791e+00
1.668794750887900591e+01,8.023250028734702610e+00,-8.023249941537242691e+00,6.019733243140824586e-01,2.316333526611331806e+01,0.000000000000000000e+00,4.853492126464836076e+00,3.141740085360719803e+00
1.678794751036912203e+01,8.093145854774675740e+00,-8.093145709123096054e+00,5.933521858606308763e-01,2.248126739501956806e+01,0.000000000000000000e+00,4.047313079833976701e+00,3.141782373712556975e+00
1.688794751185923815e+01,8.162285394430561780e+00,-8.162285203046089066e+00,5.848120905250028256e-01,2.179330581665042743e+01,0.000000000000000000e+00,3.234187469482414201e+00,3.141809205569540353e+00
1.698794751334935427e+01,8.230678153214656234e+00,-8.230624819216460608e+00,-7.494716903395625351e+00,2.114476531982425556e+01,0.000000000000000000e+00,2.414195404052726701e+00,3.141799443388799684e+00
1.708794751483947039e+01,8.298332437599476918e+00,-8.298304619432219198e+00,3.170716424011275070e-01,2.052588027954105243e+01,0.000000000000000000e+00,1.587397918701164201e+00,3.141623937716032877e+00
1.718794751632958651e+01,8.365256771784849832e+00,-8.365253771538993632e+00,5.345345286273232022e-01,1.990603775024417743e+01,0.000000000000000000e+00,7.538827514648360761e-01,3.141742655754500735e+00
1.728794751781970263e+01,8.437841400096683486e+00,-8.437776917561995660e+00,6.018578652701815912e-01,1.928096145629886493e+01,0.000000000000000000e+00,0.000000000000000000e+00,3.141757542515756008e+00
1.738794751930981874e+01,8.510054072647587731e+00,-8.509903091881158232e+00,6.011062936644407939e-01,1.864926284790042743e+01,0.000000000000000000e+00,0.000000000000000000e+00,3.141691710353727629e+00
1.748794752079993486e+01,8.579335144783467371e+00,-8.579224551754840888e+00,5.727522112602667637e-01,1.801092666625980243e+01,0.000000000000000000e+00,0.000000000000000000e+00,3.141485128577546249e+00
1.758794752229005098e+01,8.650585442761354216e+00,-8.650201658641686109e+00,5.464908779044869158e-01,1.736639160156253681e+01,0.000000000000000000e+00,0.000000000000000000e+00,3.141654484736003283e+00
1.768794752378016710e+01,8.673120816034806779e+00,-8.672956052697335494e+00,5.242168702175313832e-01,1.671616119384769306e+01,0.000000000000000000e+00,0.000000000000000000e+00,3.141751889758064742e+00
1.778794752527028322e+01,8.594169183661055200e+00,-8.594149466172487095e+00,5.090453005318881230e-01,1.606064743041995868e+01,0.000000000000000000e+00,0.000000000000000000e+00,3.141688790877953164e+00
1.788794752676039934e+01,8.467994144470607054e+00,-8.467988367713369158e+00,4.955768016816209376e-01,1.540010208129886315e+01,0.000000000000000000e+00,0.000000000000000000e+00,3.141729803270823851e+00
1.798794752825051546e+01,8.320497397027443398e+00,-8.320496770433388534e+00,4.891784583755671156e-01,1.473467391967776940e+01,0.000000000000000000e+00,0.000000000000000000e+00,3.141846069803450714e+00
1.808794752974063158e+01,8.164388208675873670e+00,-8.164381791643881670e+00,4.799024532820196920e-01,1.406445831298831628e+01,0.000000000000000000e+00,0.000000000000000000e+00,3.141649005769545866e+00
1.818794753123074770e+01,8.005984837557862832e+00,-8.005977129813343751e+00,4.753498785962400608e-01,1.338948959350589440e+01,0.000000000000000000e+00,0.000000000000000000e+00,3.141625489227359402e+00
1.828794753272086382e+01,7.848031748103945660e+00,-7.848026618376972685e+00,4.676200488416679124e-01,1.270984405517581628e+01,0.000000000000000000e+00,0.000000000000000000e+00,3.141654541972909165e+00
1.838794753421097994e+01,7.691860570567724764e+00,-7.691857491017458415e+00,4.596805143519341885e-01,1.202554840087894128e+01,0.000000000000000000e+00,0.000000000000000000e+00,3.141639631842622293e+00
1.848794753570109606e+01,7.556011220786137628e+00,-7.556009225089710846e+00,4.537295404878572969e-01,1.133669036865237878e+01,0.000000000000000000e+00,0.000000000000000000e+00,3.141624881308162642e+00
1.858794753719121218e+01,7.540522768182552404e+00,-7.540521220043557626e+00,4.467581883019146050e-01,1.064332336425784753e+01,0.000000000000000000e+00,0.000000000000000000e+00,3.141613950709316150e+00
1.868794753868132830e+01,7.526040672158361033e+00,-7.526039314354284748e+00,4.398012295984586872e-01,9.945512237548863155e+00,0.000000000000000000e+00,0.000000000000000000e+00,3.141638360985439249e+00
1.878794754017144442e+01,7.511590614471883143e+00,-7.511589284453110693e+00,4.329824304617568842e-01,9.243356170654331905e+00,0.000000000000000000e+00,0.000000000000000000e+00,3.141656378109957792e+00
1.888794754166156054e+01,7.497171082443308876e+00,-7.497169735407302582e+00,4.263925099235973404e-01,8.536897125244175655e+00,0.000000000000000000e+00,0.000000000000000000e+00,3.141673976572768368e+00
1.898794754315167665e+01,7.482783094218023123e+00,-7.482781699828592537e+00,4.198981235772260567e-01,7.826211395263706905e+00,0.000000000000000000e+00,0.000000000000000000e+00,3.141715497307103089e+00
1.908794754464179277e+01,7.009316640885049132e+00,-7.009315298916757975e+00,4.133606356212997102e-01,7.111363830566441280e+00,0.000000000000000000e+00,0.000000000000000000e+00,3.141735575543366465e+00
1.918794754613190889e+01,6.624962377787301016e+00,-6.624961122845101080e+00,4.071903222882863882e-01,6.392423095703160030e+00,0.000000000000000000e+00,0.000000000000000000e+00,3.141705872235728059e+00
1.928794754762202501e+01,6.296920745338657532e+00,-6.296919544730925189e+00,4.008483165776836610e-01,5.669434967041050655e+00,0.000000000000000000e+00,0.000000000000000000e+00,3.141707116903234898e+00
1.938794754911214113e+01,6.005758659815176870e+00,-6.005756475779935322e+00,4.181939934273198323e-01,4.942376556396519405e+00,0.000000000000000000e+00,0.000000000000000000e+00,3.141906862167419767e+00
1.948794755060225725e+01,5.739472552674803829e+00,-5.739469492465961054e+00,4.303111307845647882e-01,4.210809173584019405e+00,0.000000000000000000e+00,0.000000000000000000e+00,3.141486283378088551e+00
1.958794755209237337e+01,5.490921117378174898e+00,-5.490918376021211245e+00,3.944236241192095038e-01,3.475213470459019849e+00,0.000000000000000000e+00,0.000000000000000000e+00,3.141528006424439745e+00
1.968794755358248949e+01,5.257946579594412917e+00,-5.257943983025446855e+00,3.899135249857282881e-01,2.735696258544957349e+00,0.000000000000000000e+00,0.000000000000000000e+00,3.141849705688142258e+00
1.978794755507260561e+01,5.062665582532388520e+00,-5.062665222298605272e+00,3.999673424718282466e-01,1.992467346191441724e+00,0.000000000000000000e+00,0.000000000000000000e+00,3.141734533088446302e+00
1.988794755656272173e+01,4.963830087388554801e+00,-4.963825476818319871e+00,3.199618820748475478e-01,1.246034088134801099e+00,0.000000000000000000e+00,0.000000000000000000e+00,3.141508946427602478e+00
1.998794755805283785e+01,4.960806746813298140e+00,-4.960801939577218711e+00,3.497444754589130733e-01,4.964842224121448488e-01,0.000000000000000000e+00,0.000000000000000000e+00,3.141660330787843236e+00
2.008794755954295397e+01,5.008378404752602542e+00,-5.008373280715035847e+00,3.599305286556249706e-01,0.000000000000000000e+00,1.000000000000000000e+00,0.000000000000000000e+00,3.141737217158776296e+00
2.018794756103307009e+01,5.081873168228144166e+00,-5.081847798163985352e+00,3.456400854693458813e-01,0.000000000000000000e+00,1.000000000000000000e+00,0.000000000000000000e+00,3.141132229749572513e+00
2.028794756252318621e+01,5.158934337818754656e+00,-5.158141134883607037e+00,3.919619494941051219e-01,0.000000000000000000e+00,1.000000000000000000e+00,0.000000000000000000e+00,3.125386628271086487e+00
2.038794756401330233e+01,5.248385683888015407e+00,-5.242371389204223853e+00,3.126246141475103602e-01,0.000000000000000000e+00,1.000000000000000000e+00,0.000000000000000000e+00,3.093733545836881760e+00
2.048794756550341845e+01,5.340520749174438642e+00,-5.318810416949065534e+00,-1.538646620131375875e-01,0.000000000000000000e+00,1.000000000000000000e+00,0.000000000000000000e+00,3.051410278145080923e+00
2.058794756699353456e+01,5.432901680716506476e+00,-5.332031765132017931e+00,-1.649216808418146885e+00,0.000000000000000000e+00,1.000000000000000000e+00,0.000000000000000000e+00,2.948593209965732598e+00
2.068794756848365068e+01,5.493763512483909928e+00,-5.192861695465883720e+00,-2.967223630967809722e+00,0.000000000000000000e+00,1.000000000000000000e+00,0.000000000000000000e+00,2.809152682435438031e+00
2.078794756997376680e+01,5.476882351352078793e+00,-4.967881597441087038e+00,-1.648436511011702077e+00,0.000000000000000000e+00,1.000000000000000000e+00,0.000000000000000000e+00,2.707079517058136986e+00
2.088794757146388292e+01,5.465334331316308081e+00,-4.829357704606741741e+00,-1.540824767876502577e+00,0.000000000000000000e+00,1.000000000000000000e+00,0.000000000000000000e+00,2.654367347456243031e+00
2.098794757295399904e+01,5.454243212783897121e+00,-4.731724789538779063e+00,-1.708059860964456833e+00,0.000000000000000000e+00,1.000000000000000000e+00,0.000000000000000000e+00,2.621013430797005661e+00
2.108794757444411516e+01,5.443249043332731851e+00,-4.644047782270185998e+00,-1.781647278561612202e+00,0.000000000000000000e+00,1.000000000000000000e+00,0.000000000000000000e+00,2.592840315987237965e+00
2.118794757593423128e+01,5.456230758576207762e+00,-4.580328714785871114e+00,-1.784157211036192514e+00,0.000000000000000000e+00,1.000000000000000000e+00,6.158451014250520217e+01,2.567108796759757006e+00
2.128794757742434740e+01,5.635040280465329232e+00,-4.640944272663466208e+00,-1.759556540211647979e+00,0.000000000000000000e+00,1.000000000000000000e+00,6.102906435966495025e+01,2.538502155924470038e+00
2.138794757891446352e+01,5.770246283708102553e+00,-4.656389029231019272e+00,-1.721304201959789726e+00,0.000000000000000000e+00,1.000000000000000000e+00,6.045780772209170806e+01,2.509793166649685325e+00
2.148794758040457964e+01,5.883518413725821183e+00,-4.642149385669925188e+00,-9.896052985302472571e-01,0.000000000000000000e+00,1.000000000000000000e+00,5.987433177471164214e+01,2.479992321817086065e+00
2.158794758189469576e+01,5.985722907067581033e+00,-4.606709086109460394e+00,-5.560218269361752452e-02,0.000000000000000000e+00,1.000000000000000000e+00,5.928024596214297759e+01,2.449037279283579949e+00
2.168794758338481188e+01,6.082089088025582235e+00,-4.551201800586999191e+00,-7.033474499206068820e-02,0.000000000000000000e+00,1.000000000000000000e+00,5.867631930351260650e+01,2.416286421517689575e+00
2.178794758487492800e+01,6.175135193667741440e+00,-4.475214448737386164e+00,-7.268848333387188665e-02,0.000000000000000000e+00,1.000000000000000000e+00,5.806296843528750884e+01,2.381417836558256340e+00
2.188794758636504412e+01,6.266072430162415330e+00,-4.387602269259146759e+00,-6.932288031276745421e-02,0.000000000000000000e+00,1.000000000000000000e+00,5.744043821334842193e+01,2.346496280231051390e+00
2.198794758785516024e+01,6.355491226197386823e+00,-4.249947474906798028e+00,-1.841593562699243458e+00,0.000000000000000000e+00,1.000000000000000000e+00,5.680890363693240630e+01,2.303262092690123275e+00
2.208794758934527636e+01,6.443684621733752671e+00,-4.104782965499601310e+00,-3.796152927779830044e+00,0.000000000000000000e+00,1.000000000000000000e+00,5.616849416732791411e+01,2.261428228643239891e+00
2.218794759083539248e+01,6.530797225645752491e+00,-3.967136557793480289e+00,-1.571972352272504203e+00,0.000000000000000000e+00,1.000000000000000000e+00,5.551932806015017974e+01,2.223644107943766546e+00
2.228794759232550859e+01,6.616903440370425216e+00,-3.813597867240931194e+00,-3.939590145320706061e-01,0.000000000000000000e+00,1.000000000000000000e+00,5.486150640487674224e+01,2.185041777635771787e+00
2.238794759381562471e+01,6.702048865807973321e+00,-3.642863048923043578e+00,1.833058233708687035e-01,0.000000000000000000e+00,1.000000000000000000e+00,5.419512647628787505e+01,2.145450902868454079e+00
2.248794759530574083e+01,6.786255907832254408e+00,-3.474536722534001143e+00,4.626015494080878421e-01,0.000000000000000000e+00,1.000000000000000000e+00,5.352028411865237700e+01,2.108303499006238813e+00
2.258794759679585695e+01,6.869543122377081090e+00,-3.295539473619588211e+00,5.860409356051793361e-01,0.000000000000000000e+00,1.000000000000000000e+00,5.283706516265872466e+01,2.071145695992584024e+00
2.268794759828597307e+01,6.951924143117346411e+00,-3.104752970742283402e+00,6.388608362749006453e-01,0.000000000000000000e+00,1.000000000000000000e+00,5.214557117462161528e+01,2.033761874382616686e+00
2.278794759977608919e+01,7.033411214300913983e+00,-2.900539398599870644e+00,6.563728093678083964e-01,0.000000000000000000e+00,1.000000000000000000e+00,5.144588893890384185e+01,1.995877231638084170e+00
2.288794760126620531e+01,7.114014783395267827e+00,-2.670502770941933779e+00,6.509304578998068580e-01,0.000000000000000000e+00,1.000000000000000000e+00,5.073811573028567778e+01,1.955609844207738757e+00
2.298794760275632143e+01,7.193745768709565169e+00,-2.414644712995103415e+00,6.404105978999177218e-01,0.000000000000000000e+00,1.000000000000000000e+00,5.002232021331790435e+01,1.913101081008343529e+00
2.308794760424643755e+01,7.272614159631064723e+00,-2.166837326789204266e+00,6.516631778925279228e-01,0.000000000000000000e+00,1.000000000000000000e+00,4.929860157012942778e+01,1.873335880874301029e+00
2.318794760573655367e+01,7.350629968080018450e+00,-1.895085211208321851e+00,6.826646579633736112e-01,0.000000000000000000e+00,1.000000000000000000e+00,4.856703990936282622e+01,1.831557261482013921e+00
2.328794760722666979e+01,7.427798937441572491e+00,-1.642451125912639975e+00,6.903195968880847522e-01,0.000000000000000000e+00,1.000000000000000000e+00,4.782772678375247466e+01,1.793770493636067442e+00
2.338794760871678591e+01,7.504133412641485812e+00,-1.388588366677445229e+00,6.390811079822187324e-01,0.000000000000000000e+00,1.000000000000000000e+00,4.708074230194095122e+01,1.756918580987633760e+00
2.348794761020690203e+01,7.579641064047361709e+00,-1.095364770402136534e+00,4.374640377214991660e-01,0.000000000000000000e+00,1.000000000000000000e+00,4.632617038726809966e+01,1.715819641300885712e+00
2.358794761169701815e+01,7.654332373978188997e+00,-7.744122618446530604e-01,-4.331065276071829201e-02,0.000000000000000000e+00,1.000000000000000000e+00,4.556409400939945442e+01,1.672143285826723558e+00
2.368794761318713427e+01,7.728216456536483925e+00,-4.636772906579794684e-01,-5.287371112897963242e-04,0.000000000000000000e+00,1.000000000000000000e+00,4.479458374023441536e+01,1.630831246554421465e+00
2.378794761467725039e+01,7.801300814338460121e+00,-5.869526512280266450e-01,3.358718076168530631e-02,0.000000000000000000e+00,1.000000000000000000e+00,4.401773399353031380e+01,1.646106128580754335e+00
2.388794761616736650e+01,7.873597464249761479e+00,-5.462414042263603609e-01,-5.073215863350012678e-02,0.000000000000000000e+00,1.000000000000000000e+00,4.323362297058109505e+01,1.640228600649807245e+00
2.398794761765748262e+01,7.945109316103856401e+00,-3.120886943009084091e-01,1.607744316284953623e-01,0.000000000000000000e+00,1.000000000000000000e+00,4.244232505798343880e+01,1.610087041113646755e+00
2.408794761914759874e+01,8.015850519297075039e+00,-1.007179182528184364e-01,1.560222584753741204e+00,3.359377806901927244e+01,0.000000000000000000e+00,4.164392227172855598e+01,1.583361510170968156e+00
2.418794762063771486e+01,8.085826434885932557e+00,5.058659740959648571e-02,1.133528129553782682e+00,3.301974868297572385e+01,0.000000000000000000e+00,4.083848709106449348e+01,1.564540074895557353e+00
2.428794762212783098e+01,8.155044279065547741e+00,1.799185349023632863e-01,9.185839639459912886e-01,3.243574535369868528e+01,0.000000000000000000e+00,4.002609199523929817e+01,1.548732289547143814e+00
2.438794762361794710e+01,8.223515802385703566e+00,2.884684049893820879e-01,8.121211217909453106e-01,3.184334241867061266e+01,0.000000000000000000e+00,3.920680946350101692e+01,1.535710649799713945e+00
2.448794762510806322e+01,8.291246846082016120e+00,3.719330887565198140e-01,7.561815182784680234e-01,3.124323045730586657e+01,0.000000000000000000e+00,3.838072914123539192e+01,1.525922745264827185e+00
2.458794762659817934e+01,8.358248295764997948e+00,4.322366050167242846e-01,7.237512903811912368e-01,3.063587057113643297e+01,0.000000000000000000e+00,3.754790824890140755e+01,1.519059469630805514e+00
2.468794762808829546e+01,8.424523780478681445e+00,4.706424265645461902e-01,7.024604634110896972e-01,3.002154218673701891e+01,0.000000000000000000e+00,3.670843452453617317e+01,1.514901465301100369e+00
2.478794762957841158e+01,8.490085175541256746e+00,4.874050555068717983e-01,6.865698163618878525e-01,2.940037023544307360e+01,0.000000000000000000e+00,3.586236900329593880e+01,1.513356009518158629e+00
2.488794763106852770e+01,8.554937794141419971e+00,4.859319061178378751e-01,6.734604571654845273e-01,2.877249586105342516e+01,0.000000000000000000e+00,3.500978797912601692e+01,1.513964401186032926e+00
2.498794763255864382e+01,8.619090478924745113e+00,4.681398338155772221e-01,6.619211328293927998e-01,2.813792287826533922e+01,0.000000000000000000e+00,3.415076011657718880e+01,1.516455290097620479e+00
2.508794763404875994e+01,8.682550030944570452e+00,4.367286508948046708e-01,6.513498112063671464e-01,2.749674570083614000e+01,0.000000000000000000e+00,3.328535980224613411e+01,1.520475508967210621e+00
2.518794763553887606e+01,8.745326426874498793e+00,3.966291469918488133e-01,6.415150061236467582e-01,2.684899627685542711e+01,0.000000000000000000e+00,3.241364234924320442e+01,1.525427494789520555e+00
2.528794763702899218e+01,8.807425059472720363e+00,3.489213401266686443e-01,6.322037429062998815e-01,2.619476854324336657e+01,0.000000000000000000e+00,3.153568977355960712e+01,1.531169231078095105e+00
2.538794763851910830e+01,8.868855089682933013e+00,2.976012850478512717e-01,6.232879616700999215e-01,2.553415596008296617e+01,0.000000000000000000e+00,3.065157073974613056e+01,1.537234253707379983e+00
2.548794764000922441e+01,8.929621911279243207e+00,2.463522101285779697e-01,6.146050833841198990e-01,2.486728012084956774e+01,0.000000000000000000e+00,2.976134246826175556e+01,1.543204624321080853e+00
2.558794764149934053e+01,8.989811304012013338e+00,1.942555252460602122e-01,6.060468656986917058e-01,2.419420349121089586e+01,0.000000000000000000e+00,2.886506790161136138e+01,1.549186235222440366e+00
2.568794764298945665e+01,8.972427762114900673e+00,1.442236227298740736e-01,5.975970128008358806e-01,2.351503192901607164e+01,0.000000000000000000e+00,2.796708435058597075e+01,1.554721543253470006e+00
2.578794764447957277e+01,8.955438109936203261e+00,9.924200480590480988e-02,5.892582822532157483e-01,2.282982551574702867e+01,0.000000000000000000e+00,2.707080215454104888e+01,1.559714341196516196e+00
2.588794764596968889e+01,8.938485643822033921e+00,6.031731605279141983e-02,5.808736264344065425e-01,2.213872348785396227e+01,0.000000000000000000e+00,2.617621368408206450e+01,1.564048229159941572e+00
2.598794764745980501e+01,8.921571118484745710e+00,2.859031611107285334e-02,5.725401611552679570e-01,2.144193565368648180e+01,0.000000000000000000e+00,2.528329605102542388e+01,1.567591693365699923e+00
2.608794764894992113e+01,8.904694060980361314e+00,2.603553303288365112e-03,5.642806940508646729e-01,2.073943244934077867e+01,0.000000000000000000e+00,2.439207214355472075e+01,1.570503946919520777e+00
2.618794765044003725e+01,8.990712679199655000e+00,-1.687831474676193544e-02,5.561119369943887669e-01,2.003131877899165758e+01,0.000000000000000000e+00,2.349717849731448638e+01,1.572673633440517138e+00
2.628794765193015337e+01,9.067794213128998138e+00,-3.001228760319399336e-02,5.480314021780351430e-01,1.931771385192866930e+01,0.000000000000000000e+00,2.259370941162112700e+01,1.574106100009197595e+00
2.638794765342026949e+01,9.134313902771371119e+00,-3.816557971409544753e-02,5.400805123857268519e-01,1.859868156433101305e+01,0.000000000000000000e+00,2.168320220947268950e+01,1.574974603474472490e+00
2.648794765491038561e+01,9.195689681371140622e+00,-4.242894284949294548e-02,5.322576003345093065e-01,1.787429344177241930e+01,0.000000000000000000e+00,2.076636260986331450e+01,1.575410346500471626e+00
2.658794765640050173e+01,9.254457062281392865e+00,-4.249167792584247760e-02,5.245556402617704839e-01,1.714461242675777086e+01,0.000000000000000000e+00,1.984356445312503325e+01,1.575387825457748026e+00
2.668794765789061785e+01,9.311804114629142148e+00,-3.851729093579620011e-02,5.170013259554856466e-01,1.640974342346187242e+01,0.000000000000000000e+00,1.891495269775393950e+01,1.574932732619095388e+00
2.678794765938073397e+01,9.368280820238062745e+00,-3.356144170586826403e-02,5.095683842983784739e-01,1.566973030090327690e+01,0.000000000000000000e+00,1.798066085815433013e+01,1.574378789163197068e+00
2.688794766087085009e+01,9.424148998566368007e+00,-2.683287109506983861e-02,5.022853252772050414e-01,1.492465126037593315e+01,0.000000000000000000e+00,1.704075759887698638e+01,1.573643576700877400e+00
2.698794766236096621e+01,9.479528138063139764e+00,-1.988121407190233947e-02,4.951001859514937986e-01,1.417462837219233940e+01,0.000000000000000000e+00,1.609530014038089263e+01,1.572893607203502908e+00
2.708794766385108232e+01,9.534477573741208190e+00,-1.102583916608157813e-02,4.880254087132017693e-01,1.341970359802241752e+01,0.000000000000000000e+00,1.514432281494143950e+01,1.571952744809246960e+00
2.718794766534119844e+01,9.589028591085124731e+00,-2.977477751418548552e-03,4.810326350981379284e-01,1.265989601135249565e+01,0.000000000000000000e+00,1.418787521362308013e+01,1.571106835598919726e+00
2.728794766683131456e+01,9.643188906785431058e+00,3.292237396494377636e-03,4.741644436558134501e-01,1.189531051635737846e+01,0.000000000000000000e+00,1.322598785400393950e+01,1.570454921322889996e+00
2.738794766832143068e+01,9.696972480796771876e+00,9.020168943824017488e-03,4.673871866008688092e-01,1.112600814819331596e+01,0.000000000000000000e+00,1.225872940063479888e+01,1.569866122005467490e+00
2.748794766981154680e+01,9.748655618908387055e+00,1.524130899140690651e-02,4.607047070533981659e-01,1.035208427429194877e+01,0.000000000000000000e+00,1.128615707397464263e+01,1.569232899405906156e+00
2.758794767130166292e+01,9.791199205348267043e+00,1.884651898723774949e-02,4.541287509911116627e-01,9.573578948974565961e+00,0.000000000000000000e+00,1.030883926391604888e+01,1.568871482837597586e+00
2.768794767279177904e+01,9.818268274125522055e+00,2.211182433915507770e-02,4.476101843727612328e-01,8.790572280883745648e+00,0.000000000000000000e+00,9.328099670410189503e+00,1.568544214465749098e+00
2.778794767428189516e+01,9.830029694682862029e+00,2.529996516074559457e-02,4.412249691911256377e-01,8.003111953735308148e+00,0.000000000000000000e+00,8.345506134033236378e+00,1.568222581457562548e+00
2.788794767577201128e+01,9.829399483934242454e+00,2.596679908265830256e-02,4.349284312246787798e-01,7.211299057006792523e+00,0.000000000000000000e+00,7.362458648681673878e+00,1.568154575452083810e+00
2.798794767726212740e+01,9.819562450553867450e+00,2.622862971073899180e-02,4.287045850880566999e-01,6.415167922973589398e+00,0.000000000000000000e+00,6.380006256103548878e+00,1.568125264715383604e+00
2.808794767875224352e+01,9.803308872630621451e+00,2.668368437128347884e-02,4.225689854149562996e-01,5.614766235351519086e+00,0.000000000000000000e+00,5.398904266357455128e+00,1.568074417522530517e+00
2.818794768024235964e+01,9.783020504833560338e+00,2.603971371385665687e-02,4.165320365631401400e-01,4.810164566039995648e+00,0.000000000000000000e+00,4.419686737060580128e+00,1.568134598298190685e+00
2.828794768173247576e+01,9.760684551803139541e+00,2.589514725325729391e-02,4.106083417919220713e-01,4.001444931030230023e+00,0.000000000000000000e+00,3.442605438232455128e+00,1.568143318443601553e+00
2.838794768322259188e+01,9.737570398041064834e+00,2.578041334672165688e-02,4.047341345720168460e-01,3.188664550781207030e+00,0.000000000000000000e+00,2.467805328369173878e+00,1.568148803602722685e+00
2.848794768471270800e+01,9.714234039050522185e+00,2.567519476862294148e-02,3.989645756573564350e-01,2.371859664916949217e+00,0.000000000000000000e+00,1.495335998535189503e+00,1.568153274902299055e+00
2.858794768620282412e+01,9.690920569905774329e+00,2.557385854748098208e-02,3.932712180506137134e-01,1.551076049804644530e+00,0.000000000000000000e+00,5.251974487305020034e-01,1.568157373349136741e+00
2.868794768769294024e+01,9.667737755996151705e+00,2.547408812473092934e-02,3.876541049975132380e-01,7.263919067382382799e-01,0.000000000000000000e+00,0.000000000000000000e+00,1.568161365209733926e+00
2.878794768918305635e+01,9.644729466463379808e+00,2.537516767126789599e-02,3.821228109864861500e-01,0.000000000000000000e+00,1.000000000000000000e+00,0.000000000000000000e+00,1.568165335740745903e+00
2.888794769067317247e+01,9.621913821087810348e+00,2.527709634813861059e-02,3.766582716819788512e-01,0.000000000000000000e+00,1.000000000000000000e+00,0.000000000000000000e+00,1.568169289607491690e+00
2.898794769216328859e+01,9.599298449287093860e+00,2.518009113208013669e-02,3.713081810663251825e-01,0.000000000000000000e+00,1.000000000000000000e+00,0.000000000000000000e+00,1.568173205934420666e+00
